pathway	pval	padj	ES	NES	nMoreExtreme	size
5990980	1.05159105726965e-05	0.000213920687992296	0.538849686537971	2.68107089032641	0	369
5990979	1.07902801156718e-05	0.000213920687992296	0.559475493154341	2.74288596404864	0	317
5991210	1.13071008593397e-05	0.000213920687992296	0.423851201438441	2.01042422352031	0	231
5991454	1.1787448724598e-05	0.000213920687992296	0.557624682888066	2.55377572263028	0	173
5991023	1.19078806354045e-05	0.000213920687992296	0.494476586501543	2.24125585000102	0	160
5991209	1.19316080228132e-05	0.000213920687992296	0.524879644608933	2.37307274817049	0	157
5991502	1.23635374553367e-05	0.000213920687992296	0.605290660179594	2.64078794133084	0	123
5991600	1.2370113805047e-05	0.000213920687992296	0.601552091557669	2.62180931939167	0	122
5991599	1.24500441976569e-05	0.000213920687992296	0.616459987606916	2.66652994618183	0	116
5990991	1.26752351256116e-05	0.000213920687992296	0.628524711726734	2.66037675006154	0	101
5990988	1.27090641045193e-05	0.000213920687992296	0.601309234717173	2.53315560499947	0	98
5991009	1.27919768721058e-05	0.000213920687992296	0.606523158074858	2.53430779655934	0	93
5990990	1.29490068111776e-05	0.000213920687992296	0.623290529967304	2.55982452682921	0	84
5990981	1.29767327182362e-05	0.000213920687992296	0.644000596613712	2.63409173432093	0	82
5991851	1.29767327182362e-05	0.000213920687992296	0.725326964773323	2.96673290775772	0	82
5990987	1.30607980147587e-05	0.000213920687992296	0.647855512486377	2.62717639511285	0	78
5991757	1.30607980147587e-05	0.000213920687992296	0.670597949428748	2.71940126987394	0	78
5992217	1.31615314758025e-05	0.000213920687992296	0.734798686878103	2.95083114113779	0	74
5990977	1.34032087281695e-05	0.000213920687992296	0.578846390178477	2.25578281476077	0	63
5990978	1.34032087281695e-05	0.000213920687992296	0.578846390178477	2.25578281476077	0	63
5991078	1.36193394620361e-05	0.000213920687992296	0.633763992265673	2.40440667638446	0	55
5991506	1.36193394620361e-05	0.000213920687992296	0.645117062803597	2.44747854372306	0	55
5990983	1.36343804537522e-05	0.000213920687992296	0.59385572725555	2.24444703355865	0	54
5990992	1.36343804537522e-05	0.000213920687992296	0.59385572725555	2.24444703355865	0	54
5990993	1.36984424870892e-05	0.000213920687992296	0.571685358177299	2.14400193276687	0	52
5990994	1.36984424870892e-05	0.000213920687992296	0.571685358177299	2.14400193276687	0	52
5991022	1.37695527649262e-05	0.000213920687992296	0.690491914951155	2.56023106695324	0	49
5991017	1.39159476760367e-05	0.000213920687992296	0.688130747626764	2.49588141708374	0	44
5991016	1.43137282968095e-05	0.000213920687992296	0.693613225514781	2.38198404438661	0	34
5990998	1.44385567218701e-05	0.000213920687992296	0.777238329741357	2.6132249941765	0	31
5991398	1.44682205535541e-05	0.000213920687992296	0.680529431112813	2.27085897268257	0	30
5990989	1.45532868598373e-05	0.000213920687992296	0.718885950039118	2.36028274808737	0	28
5991393	1.4685581695891e-05	0.000213920687992296	0.771667151302997	2.48601163151019	0	26
5992049	1.47455652712447e-05	0.000213920687992296	0.689341984963582	2.20001285544774	0	25
5992050	1.47455652712447e-05	0.000213920687992296	0.689341984963582	2.20001285544774	0	25
5991021	1.47717033251104e-05	0.000213920687992296	0.74618818590814	2.36029544735219	0	24
5991504	1.47717033251104e-05	0.000213920687992296	0.708375426859137	2.24068851076345	0	24
5991042	1.48203038162282e-05	0.000213920687992296	0.770743977542755	2.41344446362686	0	23
5991610	1.4885160983016e-05	0.000213920687992296	0.748441524804594	2.31822447174998	0	22
5990999	1.4967147112089e-05	0.000213920687992296	0.760367665936474	2.30223715631447	0	20
5991662	1.4967147112089e-05	0.000213920687992296	0.772153119230007	2.33792108882751	0	20
5991129	2.52089189155123e-05	0.00035172444010691	0.454296083100451	1.93447733442189	1	105
5992313	2.92132862025649e-05	0.000389067857152342	-0.385880878528321	-1.95086711865778	0	147
5992314	2.92132862025649e-05	0.000389067857152342	-0.385880878528321	-1.95086711865778	0	147
5991130	3.77026517531733e-05	0.000490972309496879	0.453750608402058	1.94061051387162	2	108
5990976	4.13086582947786e-05	0.000526236386103049	0.559431315871011	2.07427980502974	2	49
5991201	4.60553585409662e-05	0.000562259168854296	0.753033176653084	2.15069122514158	2	16
5991348	4.60553585409662e-05	0.000562259168854296	0.753033176653084	2.15069122514158	2	16
5992392	5.92812152649129e-05	0.000708954941739571	0.695609011629271	2.17817299502997	3	23
5991449	6.7554786932202e-05	0.000776217747887655	0.541571806698263	2.08385612080159	4	59
5991450	6.7554786932202e-05	0.000776217747887655	0.541571806698263	2.08385612080159	4	59
5991364	9.21107170819325e-05	0.00103570793743132	0.742481436754735	2.1205550570245	5	16
5992320	9.51995620820144e-05	0.00103570793743132	-0.453561234336851	-1.99979142883075	3	68
5991448	9.54406631762653e-05	0.00103570793743132	0.531689249230104	2.00949204232564	6	54
5991344	0.000123428218776518	0.00129158814648285	0.748407755653039	2.10165454608171	7	15
5991355	0.000123428218776518	0.00129158814648285	0.748407755653039	2.10165454608171	7	15
5991124	0.000139427586381727	0.00143341343192443	0.442681917852762	1.87375398286674	10	101
5991000	0.000200570855511841	0.00202645726430929	0.741784637660063	2.08305571952756	12	15
5991003	0.000222304557243423	0.00217117450907744	0.667547493167619	2.09030345813375	14	23
5991004	0.000222304557243423	0.00217117450907744	0.667547493167619	2.09030345813375	14	23
5991624	0.00029314201959423	0.00281608563085604	0.728873997559629	2.04680047597223	18	15
5991358	0.000312074443940082	0.00294960684111109	0.581422000387421	2.03298510503202	21	37
5991365	0.00033473821949698	0.00311359677182905	0.712325386949877	2.07066224876185	21	17
5992218	0.000392856063582243	0.00350849317402803	0.702021200590048	2.06958875289429	25	18
5991352	0.000398835989777981	0.00350849317402803	0.646830777049759	2.04601435282678	26	24
5991361	0.000398835989777981	0.00350849317402803	0.646830777049759	2.04601435282678	26	24
5991079	0.000401141711023683	0.00350849317402803	0.723420334152538	2.03148567410688	25	15
5992394	0.00050389032975176	0.00434234901815487	0.653723003217603	2.04701458439035	33	23
5991595	0.000548824828835257	0.00462658973228678	0.514853294735835	1.92395828974192	39	51
5991359	0.000552664302491595	0.00462658973228678	0.711468403381811	2.03198066109068	35	16
5991505	0.000605056543974645	0.00499384696857947	0.587568512983635	1.9896994860426	41	32
5991593	0.00077284018768976	0.00629006041647499	0.518235181138003	1.91342431213631	55	48
5992282	0.000862623545236564	0.00692462188367981	0.610142045881856	1.98502846912449	58	27
5992219	0.00112852120317722	0.00879321967120269	0.586304738678019	1.95644055302081	77	30
5991457	0.00112865352931256	0.00879321967120269	0.439208837364733	1.79963133655234	86	83
5991234	0.00114041756827885	0.00879321967120269	0.600865630057702	1.95484869438733	77	27
5991107	0.00116673574970448	0.00887931362762109	0.687296156514851	1.962943810072	75	16
5991594	0.00132013201320132	0.00991791486840992	0.501281869828255	1.86546526607303	95	50
5991582	0.00147897739277414	0.0109706424324765	-0.645789937594646	-1.99620805806903	76	16
5992134	0.0016280449766444	0.0119254294539202	0.669999928330425	1.94762616029657	106	17
5992122	0.00182829168051736	0.0132269003059651	0.65835826803369	1.9408685460671	120	18
5991838	0.00192502331858144	0.0136837740529357	-0.594354921219193	-1.95149332476154	96	20
5991592	0.00193814547166154	0.0136837740529357	0.500471229231919	1.8392432093769	139	47
5991122	0.00198093706936151	0.0138193943172124	0.551254415740518	1.87987925597684	137	33
5991147	0.00207543302244542	0.0143082794253296	-0.356960956857488	-1.66875172004953	80	93
5991357	0.00210483531478175	0.0143422499356059	0.574746401695944	1.9020441232619	144	29
5991834	0.00227312686810841	0.0153109464909371	0.395632814639965	1.6944216365865	180	109
5992312	0.00240874919870238	0.0160400798913591	-0.617131551964661	-1.93919876371666	123	17
5992327	0.00243935232314696	0.0160613534984732	-0.631229233429711	-1.95119931251089	126	16
5991751	0.00284646859989326	0.0185336733281939	-0.440633224827068	-1.79461936525625	127	47
5991578	0.00293916751184981	0.018763581459818	-0.516520899081321	-1.87537682315533	141	29
5991574	0.00296373385217529	0.018763581459818	-0.424487453496504	-1.76895448752989	130	52
5991421	0.00297783801324756	0.018763581459818	-0.638591779591562	-1.9366587565303	155	15
5991547	0.00303740345396164	0.0189353023832077	-0.462632793385889	-1.81495162312456	139	40
5991171	0.00315371881956733	0.0194534655606995	0.529643161964498	1.82986770700587	220	35
5992206	0.00332270665888375	0.0202823552302696	0.622159388618212	1.88377087269043	221	20
5991456	0.00344464520154424	0.0208099184340714	0.417960076765965	1.70616595646277	264	81
5991591	0.00353410341034103	0.0211324959026515	0.478251147754269	1.7797589705385	256	50
5992292	0.00360010706638116	0.0213097246555491	0.444902584107028	1.73917534868887	268	64
5991427	0.00413484532901335	0.0242301936280182	0.663346618346713	1.86278860092762	267	15
5990985	0.00468247000292654	0.0271675982348015	0.489498579909506	1.7677743767953	335	43
5991002	0.00484536367915386	0.0278370893723938	0.478274077184574	1.7576681681238	349	47
5991780	0.00508671067262876	0.0289399267394219	-0.381940769429922	-1.66818935333467	214	65
5991325	0.00517175021649187	0.029140823335233	-0.371955703233887	-1.65907529488725	214	72
5992087	0.00557390192223261	0.0311076812040792	-0.612996992676744	-1.85903738747383	291	15
5991987	0.00566934544829824	0.0313418531387054	-0.611996494308261	-1.85600317377402	296	15
5991077	0.00608594176994549	0.0333304848335333	0.571035371603074	1.80626310269368	411	24
5991346	0.00615637766681798	0.033404049192179	0.501636686189791	1.75400984221775	433	37
5991036	0.00663656639286297	0.0356791551029147	-0.313295856746286	-1.52573479217382	243	117
5991123	0.00729192858938899	0.0388460923034722	0.480326591577504	1.72562939782197	521	42
5991832	0.00736569099666543	0.0388855398562698	0.572227605140552	1.79182658029178	496	23
5991330	0.00773934429928473	0.0397829452577268	-0.403084335039289	-1.67270608326059	342	51
5991331	0.00773934429928473	0.0397829452577268	-0.403084335039289	-1.67270608326059	342	51
5991332	0.00773934429928473	0.0397829452577268	-0.403084335039289	-1.67270608326059	342	51
5991588	0.00801131008482564	0.0408228496496332	0.465355980487371	1.70344882366185	577	46
5992205	0.00829530688102505	0.0419056020024197	0.607152904722031	1.78991292833276	548	18
5991048	0.00873001976136278	0.0437247143603298	0.364221199877863	1.56685639406654	697	112
5991833	0.00908169524977996	0.0451006221726361	0.417546400443628	1.6415834063787	680	66
5991518	0.00917207098279168	0.0451666688732431	0.347065500523327	1.53325193479931	750	134
5991146	0.009617786660005	0.0467619532244833	-0.274427535200719	-1.42487557654637	307	177
5992176	0.00965562515386088	0.0467619532244833	0.443286197673505	1.66892315154936	705	53
5992321	0.0126213990083186	0.0606240968760224	-0.480427508292358	-1.71214142124701	615	27
5991602	0.0128246730343261	0.0610552160579114	0.472066262259254	1.66856854051025	908	39
5991324	0.0129195337733464	0.0610552160579114	-0.362767439433428	-1.56984154093093	551	62
5991323	0.0130516715910942	0.0611862364190494	-0.366935300107454	-1.57700261655754	560	60
5991604	0.0137197425281799	0.0638076914405826	0.586522959215298	1.72909495993284	907	18
5992197	0.0139625684335611	0.0644257094650929	-0.435539273123603	-1.65570261378659	657	35
5991148	0.0143079233748781	0.065503461700614	-0.308544847575245	-1.4722806882063	542	104
5991145	0.0155635693175348	0.0701629916458223	-0.297012265767507	-1.44448710225632	573	116
5991859	0.0155651687951483	0.0701629916458223	-0.459586612583835	-1.66866061567917	751	29
5991414	0.0158759759311751	0.0709590699870728	0.346625157430587	1.50162033481748	1276	117
5991222	0.0159839543315591	0.0709590699870728	0.610982226345196	1.71574060246485	1035	15
5991934	0.0165568637996274	0.0725248618034964	-0.553600691657995	-1.7112409117993	861	16
5991745	0.0165841834158166	0.0725248618034964	-0.486082522169279	-1.67975995573031	820	24
5992400	0.0173879503201419	0.0754765843526161	0.607657604764865	1.70640450726069	1126	15
5991065	0.0180785067848723	0.0778970954112879	0.279334652668313	1.36363582013087	1663	304
5992070	0.0183067575813855	0.0783048170999408	0.390875753144729	1.55330332709025	1379	70
5992078	0.0188873107491463	0.0796256409999981	0.572238571614881	1.68698396970213	1249	18
912497	0.0188873107491463	0.0796256409999981	0.572238571614881	1.68698396970213	1249	18
5991866	0.0199223412867198	0.08279781556041	0.423989171371274	1.58440761545309	1451	51
5991867	0.0199223412867198	0.08279781556041	0.423989171371274	1.58440761545309	1451	51
5991144	0.0208580912182928	0.0847646145160701	-0.459313229635036	-1.63689462449833	1017	27
5991149	0.0208580912182928	0.0847646145160701	-0.45934960914	-1.63702427331372	1017	27
5991151	0.0208580912182928	0.0847646145160701	-0.45934960914	-1.63702427331372	1017	27
5991143	0.0209741793597784	0.0847646145160701	-0.464657514543401	-1.63942299361143	1029	26
5991944	0.0211681693453548	0.0849626523039581	-0.521911866634643	-1.6663600341574	1079	18
5991799	0.0217688328036967	0.0867791566188182	0.585639629892283	1.67260892634582	1417	16
5991743	0.0233284787501655	0.0922625487292617	-0.296614357114977	-1.42045478988977	880	106
5991664	0.0236166933607325	0.0922625487292617	0.562155888279135	1.65725978471581	1562	18
5991665	0.0236166933607325	0.0922625487292617	0.562155888279135	1.65725978471581	1562	18
5991152	0.0246229375442859	0.0955565655692153	-0.311520304694002	-1.44500437420921	972	89
5991150	0.0249230929662652	0.0960850820936276	-0.29939663235807	-1.41901242106543	955	100
5992376	0.0260128828060285	0.0996310413355077	0.330440587623454	1.44166030723715	2103	123
5991864	0.0265758227747231	0.101126182766154	0.381011026772214	1.51002515637756	2000	69
5992131	0.027449876324733	0.10311299696342	-0.47271844913035	-1.61398377681316	1364	23
5992132	0.027449876324733	0.10311299696342	-0.47271844913035	-1.61398377681316	1364	23
5992270	0.0288334434897555	0.107235330481472	0.41564401391755	1.54114001074166	2093	49
5991561	0.0289932408395589	0.107235330481472	-0.2653952718197	-1.34803797989504	977	152
5991012	0.0290962756767134	0.107235330481472	0.313152039295268	1.40815942400028	2424	151
5991008	0.0300338054926941	0.109998812616992	0.432543613590471	1.55396346681636	2149	42
5991812	0.0309949198013585	0.112777651598955	0.453100828743593	1.56542108739823	2171	35
5991583	0.0311774395205303	0.112777651598955	-0.48688873843401	-1.59864096187928	1570	20
5991158	0.0332079420044344	0.116626522293039	-0.311554881534018	-1.42307412378751	1332	82
5991162	0.0332079420044344	0.116626522293039	-0.311554881534018	-1.42307412378751	1332	82
5991165	0.0332079420044344	0.116626522293039	-0.311554881534018	-1.42307412378751	1332	82
5991168	0.0332079420044344	0.116626522293039	-0.311554881534018	-1.42307412378751	1332	82
5991986	0.033236568639825	0.116626522293039	-0.410071421873529	-1.53651064030921	1579	33
5991740	0.0343529479123427	0.119826354027576	0.452586205309355	1.55425686838117	2399	34
5991573	0.0360633705302598	0.125048136868238	-0.440784260794311	-1.55519243690336	1770	26
5991176	0.0372831987289819	0.127583576889322	-0.286306411096609	-1.37109112645105	1407	106
5991067	0.0374477392917463	0.127583576889322	0.410107841731088	1.50715569439174	2704	47
5991068	0.0374477392917463	0.127583576889322	0.410107841731088	1.50715569439174	2704	47
5991550	0.0379915669907925	0.128688198015054	-0.387453066463748	-1.50272622462939	1765	38
5991710	0.0382382183336647	0.128779287031767	-0.469005516464449	-1.56180892017532	1922	21
5991139	0.039740856498251	0.131786243123899	-0.420879197242316	-1.52812227590465	1919	29
5991140	0.039740856498251	0.131786243123899	-0.420879197242316	-1.52812227590465	1919	29
5991164	0.0400306335768841	0.131786243123899	-0.420643919765347	-1.52726803374697	1933	29
5991167	0.0400306335768841	0.131786243123899	-0.420643919765347	-1.52726803374697	1933	29
5991589	0.0406206512663512	0.132981573419452	0.414843738632009	1.50465704637684	2918	44
5991161	0.043277529375065	0.140892401187712	-0.412536661078561	-1.51021786794232	2080	30
5991159	0.0450491769861897	0.142696311967066	-0.293952121227841	-1.36890585158044	1767	91
5991160	0.0450491769861897	0.142696311967066	-0.293952121227841	-1.36890585158044	1767	91
5991163	0.0450491769861897	0.142696311967066	-0.293952121227841	-1.36890585158044	1767	91
5991166	0.0450491769861897	0.142696311967066	-0.293952121227841	-1.36890585158044	1767	91
5991169	0.0450491769861897	0.142696311967066	-0.293952121227841	-1.36890585158044	1767	91
5991157	0.048536804121561	0.152917028038897	-0.402655012863243	-1.4863054129504	2326	31
5991619	0.0490985807441504	0.153859723615359	-0.343433427780011	-1.4251687150945	2175	51
5991754	0.0504957065578056	0.157396191717415	-0.442783715383089	-1.51177880740657	2510	23
5991577	0.0508362633306785	0.157619313818929	-0.486450197659098	-1.5285616476862	2616	17
5992381	0.0513867944337336	0.158235056083858	-0.507557939563166	-1.53927212894939	2691	15
5991608	0.0515749073583907	0.158235056083858	0.356530984179197	1.42054174346128	3896	71
5991028	0.0534923967317295	0.163048364640681	0.422283773498159	1.47654650330815	3770	37
5991598	0.0537002293099854	0.163048364640681	0.40035639406451	1.45860354557667	3863	45
5991627	0.0546565273212094	0.165096520671282	0.416066351451617	1.47063088447482	3873	39
5992097	0.0552168089402451	0.165933589943506	-0.444798447658729	-1.50006536886259	2761	22
5990995	0.0559595815840034	0.167307728613398	0.423978719134188	1.47335073991702	3931	36
5991726	0.0571819579847345	0.170094555223627	0.413727041560189	1.46236234422231	4052	39
5991301	0.0585239521391264	0.173207252290546	0.444649095127445	1.48374977069575	4044	30
5991868	0.0592320371821547	0.173549868943713	0.368083750113774	1.41631001864457	4383	59
5991870	0.0592320371821547	0.173549868943713	0.368083750113774	1.41631001864457	4383	59
5992121	0.0600036682233102	0.174936067556516	0.411473249436776	1.45439607563964	4252	39
5991819	0.0626990892368433	0.181889437093021	-0.338576892739881	-1.39127525840104	2794	49
5992356	0.0650444089546384	0.187763663287774	0.402309670758305	1.43773931094593	4642	41
5992038	0.0656413032038849	0.188557861164101	0.501396150793291	1.49869833198921	4365	19
5992202	0.0668741899648213	0.191162318631148	0.277140466305941	1.29085287723992	5778	198
5992221	0.0680773514224967	0.193656931716423	-0.415540699442581	-1.45191741402938	3361	25
5991761	0.0695263587696216	0.1968234117826	-0.326922968563592	-1.36841278700133	3064	53
5991302	0.070821800133626	0.199526802299543	-0.302915300670914	-1.33993132689961	2967	69
5992367	0.0718923736366337	0.201573832301758	-0.370888901000874	-1.40993421421565	3387	35
5991038	0.0735569331539856	0.205258870610646	0.445007648699135	1.4477822953001	5030	27
5991039	0.0744400622880678	0.206738751188662	0.439617860285758	1.44337561657325	5114	28
5991960	0.0764256142153456	0.211251933632983	0.499410172881504	1.47228271170135	5057	18
5992254	0.0768943536126744	0.211549724023602	0.347794718809373	1.36735471463055	5765	66
5992324	0.0775001140042866	0.212219938348187	-0.320794723534	-1.3485177877531	3398	54
5991241	0.0788917121859927	0.215025782981357	0.505753510913795	1.47017742370826	5184	17
5992120	0.0799188375441812	0.216816846300417	0.333642508127401	1.34937942954201	6104	77
5991172	0.0809009190990809	0.218469763097057	-0.411524201489136	-1.42210806385383	4004	24
5991018	0.0825200393756153	0.221819922358305	0.393361276870313	1.39800902814922	5867	40
5991013	0.0849005910800645	0.225121024311845	0.39790981720398	1.39840620044491	6003	38
5991014	0.0849005910800645	0.225121024311845	0.39790981720398	1.39840620044491	6003	38
5991015	0.0849005910800645	0.225121024311845	0.39790981720398	1.39840620044491	6003	38
5991464	0.0862798902391219	0.227747818378943	-0.447834494796775	-1.42984582599809	4401	18
5992079	0.0891237178854103	0.234199545654038	0.392543024335576	1.38748517648435	6316	39
5991300	0.0907099645365413	0.237303746510773	-0.220961561911613	-1.19053849214826	2608	231
5992377	0.0912122816304923	0.237557320157638	0.33462992059307	1.33328039330986	6891	71
5991507	0.0925458779176138	0.239964090529742	0.373055582238562	1.36558058641305	6676	46
5991674	0.0935508690248377	0.240442145826995	-0.435177484650761	-1.40900367552146	4741	19
5991675	0.0935508690248377	0.240442145826995	-0.435177484650761	-1.40900367552146	4741	19
5992109	0.0940444470906953	0.240655222686233	0.458574885064598	1.42039088620081	6317	22
5991407	0.0957442164993453	0.243141326966112	-0.339831579895037	-1.34079894323521	4386	41
5991034	0.0964488943311964	0.243141326966112	0.410131552427097	1.38883980513227	6694	32
5991035	0.0964488943311964	0.243141326966112	0.410131552427097	1.38883980513227	6694	32
5991945	0.0966756470701434	0.243141326966112	-0.288391136721563	-1.28634298664951	4018	72
5991308	0.0995284067060073	0.249246351836411	-0.280815725574489	-1.27373259266941	4030	79
5991006	0.100523427249256	0.24960478122061	0.386701827459039	1.36683884327581	7124	39
5991007	0.100523427249256	0.24960478122061	0.386701827459039	1.36683884327581	7124	39
5992142	0.101659393661001	0.250659667942752	0.403860844040226	1.3772399845408	7081	33
5991413	0.101803755922142	0.250659667942752	0.397375956638075	1.37289685360144	7133	35
5991141	0.104124836316019	0.255301899921286	-0.335965591552423	-1.32554576080308	4770	41
5992141	0.104571834497179	0.255329562563945	0.338959197591549	1.32093478650935	7801	63
442533	0.109129591389775	0.264255952704167	-0.364070576725193	-1.34388012466248	5231	31
5991877	0.109129591389775	0.264255952704167	-0.364070576725193	-1.34388012466248	5231	31
5992304	0.112390698497427	0.270784852751813	0.430912448483047	1.37524327099451	7621	25
5991231	0.113212097140263	0.270784852751813	0.385679175854223	1.34855581541497	7980	37
5991232	0.113212097140263	0.270784852751813	0.385679175854223	1.34855581541497	7980	37
5991410	0.114322761899616	0.271330958915103	-0.251434220136052	-1.22117119525159	4231	115
5991341	0.117287664892386	0.271330958915103	0.495926119698269	1.39264375083217	7601	15
5991620	0.117607617004157	0.271330958915103	-0.316151556515669	-1.29337557282123	5261	48
5991621	0.117607617004157	0.271330958915103	-0.316151556515669	-1.29337557282123	5261	48
5991622	0.117607617004157	0.271330958915103	-0.316151556515669	-1.29337557282123	5261	48
5991623	0.117607617004157	0.271330958915103	-0.316151556515669	-1.29337557282123	5261	48
5991712	0.117607617004157	0.271330958915103	-0.316151556515669	-1.29337557282123	5261	48
5991714	0.117607617004157	0.271330958915103	-0.316151556515669	-1.29337557282123	5261	48
5991715	0.117607617004157	0.271330958915103	-0.316151556515669	-1.29337557282123	5261	48
5991411	0.118650669990651	0.272663892605967	0.2512287226416	1.20562205277702	10660	256
5991708	0.119857328727175	0.274360916539549	-0.313148976600132	-1.28678723409541	5342	49
5991956	0.122483328717217	0.279281053028362	-0.342552552870506	-1.31159876240217	5748	36
5991175	0.123096033232874	0.279590215017304	-0.37778979497162	-1.33293287473644	6044	26
5991792	0.124827438981001	0.282428105184812	0.383040286485932	1.33108730236401	8770	36
5991892	0.126498183725403	0.285107444858023	-0.431008548351543	-1.35434858492292	6511	17
5991508	0.127813656875726	0.286968593598374	0.335437494662336	1.29069399062701	9459	59
5992039	0.128561333874581	0.287545578818719	0.456322586016675	1.36397117813961	8550	19
5991133	0.133010097925058	0.295242111303348	-0.445425521966773	-1.35084300341412	6967	15
5991183	0.133010097925058	0.295242111303348	-0.445425521966773	-1.35084300341412	6967	15
5991011	0.134232229349391	0.296830514712239	0.312912522239074	1.26553934366865	10253	77
5991412	0.135200755361719	0.297848280608901	-0.305927549363841	-1.26405522454162	6013	50
5991064	0.135933742264977	0.298341471787552	0.3323976388104	1.27899725504169	10060	59
5991625	0.136681279569426	0.298862797864491	0.395836279693297	1.32086626435088	9446	30
5991137	0.137979717637701	0.299467090872937	-0.397416303196429	-1.32341370317833	6938	21
5991370	0.137979717637701	0.299467090872937	-0.397416303196429	-1.32341370317833	6938	21
5992140	0.140984370077122	0.304036615505194	0.340883678180138	1.27842222021756	10291	52
5992340	0.141122797640636	0.304036615505194	-0.440721691276651	-1.33657768527757	7392	15
5991303	0.141650028522533	0.30405463997877	0.266657300223923	1.21057013914499	11918	162
5991138	0.143019931628716	0.305874744286232	-0.389519054150993	-1.31363777620988	7153	22
5991559	0.143785066462887	0.306392905262734	-0.38342571501019	-1.30911515041967	7149	23
5991173	0.146176054036387	0.310359303135228	-0.243084724727399	-1.18570718628366	5366	118
5991979	0.147095754736946	0.311184520851445	0.365412807012022	1.29159053045175	10425	39
5991046	0.147908799522456	0.311778980288343	0.304288551520332	1.24460126686648	11397	82
5991791	0.152719904104116	0.320766536935526	0.373429445334547	1.29016389134201	10701	35
5991805	0.156066258309154	0.326624383461301	0.464599708468118	1.3269143341689	10165	16
5991174	0.15821758752136	0.329469332602608	0.240147559328392	1.16514307590549	14443	284
5991744	0.158550088385555	0.329469332602608	-0.414829465194031	-1.30350941139949	8161	17
5991334	0.161660270830577	0.333566615164499	-0.308868357307458	-1.23887248802239	7329	44
5991336	0.161660270830577	0.333566615164499	-0.308868357307458	-1.23887248802239	7329	44
5992365	0.165294507306918	0.339683175633988	0.323714278187651	1.24189540105323	12226	58
5992085	0.165783938961298	0.339683175633988	0.459725342478798	1.3129929606008	10798	16
5991029	0.167374492069734	0.341747220741687	0.303884587306879	1.22633973995531	12768	76
5992371	0.168686233212068	0.343229627299555	0.330192919395221	1.24313955757818	12333	53
5991005	0.171442351339083	0.347630511711774	0.36092086249849	1.2619865382903	12085	37
5991541	0.175005249393934	0.35363129705119	-0.423801264032956	-1.28526306671687	9167	15
5991335	0.177098592799751	0.355927658386571	-0.300803140628964	-1.21873557756008	7978	46
5992346	0.177356444110715	0.355927658386571	-0.336940469258937	-1.2437357720707	8502	31
5991142	0.179842270942481	0.358503672039456	0.240272035330857	1.15348351308567	16167	257
5991380	0.179863617030034	0.358503672039456	0.329528598022681	1.23141734617444	13108	51
5991408	0.184367589611996	0.36623527970383	0.246912004946123	1.15918406306225	16093	211
5991040	0.185438096061313	0.367117311797059	-0.227050303865906	-1.14208878074822	6435	142
5992366	0.186235036614695	0.367453641266704	0.316406703557317	1.21746744885102	13783	59
5992362	0.187977950117545	0.369647915331817	0.315940430751238	1.21567332768575	13912	59
5991200	0.189630637876632	0.371434234880426	-0.343289304895103	-1.23478207573598	9194	28
5991419	0.190335009469079	0.371434234880426	0.296167895960739	1.201016724041	14572	78
5992210	0.191346615633141	0.371434234880426	0.381632356454573	1.25299467461097	13147	28
5991903	0.191421738795032	0.371434234880426	0.455958623574989	1.28040831595255	12406	15
5992299	0.194179932291292	0.375542707335633	0.366603566852449	1.24143978519832	13478	32
5991806	0.196935077787318	0.379618274945291	0.379644379810515	1.2464676490427	13531	28
5991698	0.198796821231401	0.381950613906889	-0.255919889499948	-1.16368455793073	8029	80
5991041	0.205092365229874	0.392245524421896	-0.199796280768549	-1.09878458394841	5428	273
5991089	0.206163176658608	0.392245524421896	-0.341290912223513	-1.21628819629842	10061	27
5991090	0.206163176658608	0.392245524421896	-0.341290912223513	-1.21628819629842	10061	27
5991329	0.207724917569477	0.393937869565416	-0.311068095221171	-1.19858727998566	9701	37
5992207	0.210468022690195	0.397852455795014	0.41118109838516	1.24497193276969	14061	20
5991375	0.211178649444392	0.397912181911298	-0.263999565069373	-1.16062023152891	8893	67
5991801	0.213975663559382	0.401890188608327	0.348698173637603	1.2117464602606	15034	36
5991682	0.216341344252379	0.405035232370268	-0.270786532406843	-1.16377756517043	9298	60
5992212	0.218052723240202	0.406939158658466	0.397418719181387	1.23096563967153	14648	22
5991379	0.220140792886254	0.409531760734428	0.391551487685685	1.22607220778116	14853	23
5991722	0.224177754022945	0.415722037523562	-0.403158569932827	-1.22265992091227	11743	15
5992370	0.22628705258257	0.417609966849282	0.3382187725426	1.19547031591223	16038	39
5991767	0.226621108290225	0.417609966849282	-0.402189374160349	-1.21972063866726	11871	15
5991304	0.227369386117938	0.417675424028563	0.27551173117411	1.15670138470129	17855	96
5991342	0.230213152676801	0.421363425655426	0.318907157155308	1.18245557050514	16718	49
5991178	0.230815118831727	0.421363425655426	-0.258219677760302	-1.142222379281	9672	69
5991333	0.234217185608978	0.42624618250578	-0.2919769110385	-1.16483796665216	10643	43
5992363	0.235632955583007	0.427495083503535	0.300498212875792	1.16753420815281	17548	62
5991739	0.237351729027874	0.429284300031896	0.380810468129026	1.20455567536907	16067	24
5991262	0.238391553740213	0.42983830920543	0.376350302891608	1.20110993175169	16166	25
5991466	0.241519519382324	0.434142448951049	-0.27177543342004	-1.14697789055329	10572	55
5991154	0.247468715925022	0.443476047498663	-0.236772686183047	-1.11813833627358	9531	98
5992066	0.248939255599119	0.44475123103989	0.297325342664974	1.15520656575619	18539	62
5991373	0.262432883544151	0.467433646677424	-0.340885282333551	-1.16387104512821	13049	23
5991750	0.271663841630569	0.481602430889056	-0.307228807924289	-1.14325535899349	12981	32
5991544	0.272031407208665	0.481602430889056	-0.358581383945802	-1.16100328204864	13788	19
5991153	0.272877376744666	0.481645008350525	-0.234522466573207	-1.10075532645197	10576	95
5992082	0.276981347234666	0.487420629067611	-0.324832784877864	-1.14608786028331	13601	26
5992037	0.279018834866404	0.48934602951737	-0.307930843789409	-1.13665362485882	13376	31
5991716	0.280085731223494	0.48934602951737	-0.265414955869029	-1.11571906539527	12283	54
5992151	0.281358531414911	0.48934602951737	0.38975018809574	1.16498292989963	18713	19
5992059	0.281415720046679	0.48934602951737	0.365647886541099	1.1565943527859	19050	24
5991086	0.283176434861828	0.490950860440921	-0.236267763133798	-1.09594124706677	11189	89
5992111	0.287843574131341	0.496720120364331	-0.372910432737962	-1.15270735487487	14985	16
5992372	0.288496695260863	0.496720120364331	0.31940842308873	1.13518001237363	20514	40
5991307	0.289139809068023	0.496720120364331	-0.239053904484361	-1.09458984093231	11599	83
5991636	0.289894677755292	0.496720120364331	0.363082022983621	1.14847817487312	19624	24
5991121	0.293221379072935	0.499499209699825	0.380865155321166	1.15318148233716	19590	20
5991125	0.293221379072935	0.499499209699825	0.380865155321166	1.15318148233716	19590	20
5992126	0.294631480372741	0.500446514488193	0.404377080467011	1.15491623154531	19191	16
5992067	0.298293813307999	0.505202816758635	0.265737607856429	1.10420355937905	23234	90
5991824	0.301000710677448	0.508275792954853	-0.36825772023737	-1.13832530640233	15670	16
5991337	0.303577692037881	0.508275792954853	-0.278625257606744	-1.10569196699698	13847	42
5991338	0.303577692037881	0.508275792954853	-0.278625257606744	-1.10569196699698	13847	42
5991339	0.303577692037881	0.508275792954853	-0.278625257606744	-1.10569196699698	13847	42
5991487	0.309277084388769	0.515058526479004	0.398943084415075	1.13939653335844	20145	16
5991374	0.309648678748608	0.515058526479004	-0.319295084808959	-1.11563101874254	15291	25
5991248	0.310265631138376	0.515058526479004	0.385646851690777	1.13690353820867	20533	18
5992007	0.313262815296989	0.518564999333434	-0.340509997818441	-1.1180238676146	15784	20
5991766	0.31556618488094	0.520906434761214	-0.302376755995555	-1.10694351033195	15173	30
5992028	0.317194897269059	0.52212418483053	-0.251477971494278	-1.08464682446715	13600	61
5991305	0.318228805060557	0.522358766850102	0.403043553603859	1.1318139213581	20625	15
5991825	0.322228481516735	0.527446620583259	-0.354766341746253	-1.11477439312973	16587	17
5991717	0.324275779486943	0.52931923893969	0.393672667141022	1.12434402234622	21122	16
5992182	0.330107023802562	0.536266776604486	0.340748696048765	1.10858752816523	22577	27
5991711	0.331908555145392	0.536266776604486	-0.278576410347813	-1.08703648421838	15374	39
5991087	0.333224934960977	0.536266776604486	-0.232602332447469	-1.06701374757053	13320	84
5991088	0.333224934960977	0.536266776604486	-0.232602332447469	-1.06701374757053	13320	84
5992378	0.333939720285827	0.536266776604486	0.336418848258203	1.10454739535813	22945	28
5992335	0.334022821605183	0.536266776604486	0.290832097652765	1.090712873015	24383	52
5991381	0.33889067993061	0.541767677009897	0.388683651880926	1.11009520612583	22074	16
5992369	0.339298186796301	0.541767677009897	0.303821241362538	1.09151330567832	24288	42
5991010	0.341101282684508	0.5431667164487	0.364961697964464	1.10502907912395	22789	20
5991311	0.348543211900176	0.553513068220876	-0.3037607531146	-1.08253869435013	17010	27
5991465	0.350432072844608	0.554688891866964	-0.264879313439624	-1.06830838876511	15855	45
5991416	0.351196369636964	0.554688891866964	0.289439154214045	1.07711593282408	25538	50
5991978	0.353149008464511	0.554688891866964	0.366225783049924	1.09466729914056	23488	19
5991243	0.353578297398522	0.554688891866964	-0.227129162811401	-1.05355133783442	13971	89
5992281	0.354088209463985	0.554688891866964	0.352199878889023	1.09090470147428	23787	22
5991155	0.35500689095202	0.554688891866964	0.212216746856179	1.04628561210573	33228	336
6096957	0.355909596146721	0.554688891866964	0.347749485378821	1.08891421103586	24014	23
5991514	0.359944920898628	0.559489983147469	0.35898073973985	1.08691996576743	24048	20
5991797	0.361158596316002	0.559891368892003	-0.350036314498897	-1.0820009277662	18802	16
5991690	0.363153158808881	0.561498023910302	-0.28680241294659	-1.06724495592958	17353	32
5992373	0.36691042047532	0.565814490522467	0.300835612622567	1.06917209996196	26090	40
5334727	0.368971637901733	0.567017962640565	0.24690651474541	1.05299241195949	29309	106
5991713	0.370346331585233	0.567017962640565	-0.220851998518187	-1.04295427891928	14264	98
5991515	0.370593651350403	0.567017962640565	-0.266150096995664	-1.0561857413477	16904	42
5992083	0.380124301588298	0.578816006391446	-0.283501866726977	-1.05496301147693	18164	32
5991208	0.380875302216941	0.578816006391446	-0.296132570632603	-1.05535347499689	18588	27
5991052	0.381267881343171	0.578816006391446	-0.226163788817411	-1.03951629294216	15191	85
5991314	0.402375993211448	0.607712195932754	0.374125242085611	1.05060645068684	26079	15
5991315	0.402375993211448	0.607712195932754	0.374125242085611	1.05060645068684	26079	15
573389	0.40488109185521	0.608760484917116	0.360740748757059	1.04863909629812	26609	17
5991242	0.406863547120419	0.608760484917116	0.274111429770533	1.03598998405928	29840	54
5991216	0.407267849040226	0.608760484917116	-0.321187434997228	-1.0399303557848	20643	19
5991572	0.410857029230463	0.608760484917116	-0.310592824373436	-1.03428771436562	20661	21
5991322	0.41138080550713	0.608760484917116	-0.251313915494186	-1.02812487464103	18405	48
5991326	0.41138080550713	0.608760484917116	-0.251313915494186	-1.02812487464103	18405	48
5991327	0.41138080550713	0.608760484917116	-0.251313915494186	-1.02812487464103	18405	48
5991328	0.41138080550713	0.608760484917116	-0.251313915494186	-1.02812487464103	18405	48
5992337	0.414619823833148	0.612008102685704	-0.29499225523969	-1.03071586720831	20475	25
5991298	0.420802420226176	0.618645300984858	0.304367641597431	1.03068855235147	29209	32
5991554	0.421227773196175	0.618645300984858	0.308575430073617	1.02968549499205	29113	30
5991321	0.426312825769936	0.622631572712021	0.305500203554628	1.02715053685094	29525	31
5991285	0.426410845518312	0.622631572712021	0.353994129128792	1.02902731377998	28024	17
5992315	0.427744703998066	0.622631572712021	0.348725141697828	1.02805674601093	28308	18
5991313	0.428192020141543	0.622631572712021	0.359967468175898	1.02808069968874	27891	16
5992343	0.429786220615842	0.623402785348721	0.28601348440669	1.02213011488645	30678	41
5992323	0.432766141282384	0.624988768298115	0.282429917327593	1.01996694491828	31053	43
5991688	0.433012696124633	0.624988768298115	0.278651412086631	1.0200114321805	31240	46
5991982	0.43509496120185	0.626451221779567	-0.309803456707556	-1.01720261104708	21923	20
5991177	0.439248560751439	0.630881511275352	-0.293216982628113	-1.01327269197152	21744	24
5991517	0.443198745589965	0.632372105220547	-0.317102336923116	-1.01244423583206	22611	18
5992058	0.443417076361012	0.632372105220547	0.339343343450254	1.01431433407674	29492	19
5991768	0.443712425330849	0.632372105220547	-0.326996185322011	-1.01078134250422	23100	16
5992375	0.444602913568029	0.632372105220547	0.308357917031293	1.01241632523979	30549	28
5991954	0.449423540428929	0.637680858816834	0.353430087326784	1.00940969280151	29274	16
5991293	0.450780784818393	0.638061690588354	-0.325178259722763	-1.00516193359285	23468	16
5991204	0.45841769665468	0.646982273308071	0.339527784509237	1.0009425406595	30338	18
5991284	0.462608219344826	0.646982273308071	0.343283573719085	0.997892746408856	30403	17
5991312	0.462684296212894	0.646982273308071	0.343264137938334	0.997836248440073	30408	17
5992032	0.462689936370434	0.646982273308071	0.282578747516229	0.998804714545401	32794	39
5991895	0.463419056541053	0.646982273308071	0.338154930243474	0.996895307120969	30669	18
5992204	0.463707431381211	0.646982273308071	-0.321818347517125	-0.994776073688809	24141	16
5991045	0.47115751754927	0.654079605706054	0.307723209814358	0.991364576802835	32082	26
5991509	0.471893293812523	0.654079605706054	0.316478405584729	0.990994517078207	31840	23
5992309	0.473295877614567	0.654079605706054	-0.239034308605838	-0.991936692538554	20975	51
5992310	0.473295877614567	0.654079605706054	-0.239034308605838	-0.991936692538554	20975	51
5991179	0.474986509430237	0.654079605706054	0.246745576624422	0.990889810289126	36088	74
5992231	0.475491317458667	0.654079605706054	-0.269880968944674	-0.987982644869025	22863	30
5992199	0.478025396645833	0.656025485794984	0.281128588304715	0.987992615437549	33804	38
5992018	0.479459978178281	0.65645688601045	0.245400763574099	0.987717011154711	36472	75
5991206	0.483275646845211	0.660138762357328	0.281458750009531	0.984141374198141	34068	37
5991170	0.488580862103069	0.66583345393581	0.336041109484245	0.97683959071086	32110	17
5991842	0.493404135538548	0.670846458064012	0.334677916399863	0.972876917879992	32427	17
5992334	0.495060735424529	0.671540719811977	-0.270671421258068	-0.973581800008513	24004	28
5991526	0.496471971775774	0.671674358300627	-0.304166709563131	-0.971143369100623	25329	18
5992060	0.497451657854048	0.671674358300627	-0.31926946539193	-0.968249240914908	26059	15
5991217	0.505701128159752	0.681243358854287	-0.282694174748516	-0.965191463720253	25146	23
5991899	0.51619676521157	0.693787395444908	0.328322640272893	0.954402733753379	33925	17
5991896	0.517432682332777	0.693857098048072	0.318998394948669	0.953502258963098	34415	19
5992127	0.522666778739738	0.697852051811978	0.26800974798673	0.957789927522583	37308	41
5991542	0.522793601954707	0.697852051811978	-0.231289599463499	-0.963846567242102	23107	52
1221633	0.542268553716592	0.719022763134467	0.288575385185038	0.938847533860639	37088	27
5992080	0.542268553716592	0.719022763134467	0.288575385185038	0.938847533860639	37088	27
5991470	0.542334575606544	0.719022763134467	0.308876274587945	0.935213933886251	36234	20
5991897	0.548454983327158	0.725495756726218	0.29775840189824	0.932376233221783	37006	23
5992095	0.553276630707667	0.728584506954366	0.318285949539023	0.925227026996511	36362	17
5992096	0.553276630707667	0.728584506954366	0.318285949539023	0.925227026996511	36362	17
5991181	0.554568293005421	0.728648026235822	0.236280562605218	0.943860607550059	41941	72
5991633	0.55792161192382	0.73141401473682	0.253810936721227	0.937118965837175	40426	48
5991928	0.567139907802823	0.741839254402799	0.263633161395949	0.926507041544038	40106	38
5991186	0.571363760094365	0.745699695802446	-0.223945009901393	-0.9373743805174	25187	53
5992302	0.574845238367179	0.748576243740371	-0.221771739132793	-0.935946558281193	25164	55
5991654	0.584443280454954	0.759387499659873	0.216356065713768	0.934453641567849	46862	115
5991191	0.5860738480865	0.759821404820109	-0.22592365061252	-0.928362189283616	26125	49
5991185	0.592891506676858	0.766963405988165	-0.223797816994947	-0.92470521338053	26372	50
5992094	0.594632981777523	0.767521866347199	0.303464382178151	0.894626076437639	39353	18
5992341	0.601947182183483	0.770137830439903	-0.26653148706548	-0.898867016202207	30109	22
5991249	0.602449148411303	0.770137830439903	0.282540471294924	0.893714214033736	40783	24
5991250	0.602449148411303	0.770137830439903	0.282540471294924	0.893714214033736	40783	24
5991251	0.602449148411303	0.770137830439903	0.282540471294924	0.893714214033736	40783	24
5991555	0.603230826231938	0.770137830439903	0.284829162332663	0.89189067309074	40702	23
5992338	0.60778776018502	0.774268755366135	-0.224534056522621	-0.91448656908063	27330	47
5991192	0.611505777617913	0.775159153792136	-0.22125677996177	-0.914205959082509	27200	50
5991193	0.611505777617913	0.775159153792136	-0.22125677996177	-0.914205959082509	27200	50
5991493	0.612455099327234	0.775159153792136	-0.27105407947924	-0.889973663662229	30860	20
5991480	0.615943049047801	0.777893592116404	-0.260501147682167	-0.889418695152917	30628	23
5991389	0.618810896798568	0.779834807578411	-0.266071277582593	-0.886029012757758	31119	21
5991417	0.620433031018675	0.780201193512754	-0.269406004450234	-0.884562406342756	31262	20
5992005	0.628410522415709	0.788540826842839	0.279020618766715	0.873702276269701	42401	23
5991605	0.635840469027231	0.796159219764867	0.306157354910869	0.859741219815842	41211	15
5991814	0.645736918907651	0.806593048039561	0.241060968050549	0.87824845040946	46463	45
5992093	0.646926164809887	0.806593048039561	0.285927236829123	0.854650902740483	43028	19
5991699	0.652180513386696	0.809727341930551	0.23751377811872	0.876946710799795	47256	48
5992017	0.65255779836453	0.809727341930551	0.231452659113121	0.881100894739162	48039	56
5991383	0.653585380090701	0.809727341930551	0.281176106232729	0.851343512141	43667	20
5991240	0.659819770030243	0.815726551134435	0.295029352300054	0.842614985399571	42979	16
5992295	0.666808131392437	0.821854339540599	-0.228676137374831	-0.869312371411979	31423	35
5992001	0.667581340650725	0.821854339540599	-0.265565314869501	-0.847896848965014	34059	18
5992061	0.669533296211512	0.822529374381438	-0.23906543577163	-0.859897791191082	32464	28
5991553	0.673736743605739	0.824928011992022	0.286028647560778	0.831458113692338	44279	17
5991845	0.674301224819418	0.824928011992022	-0.21374230738494	-0.878306790318031	30058	49
5991199	0.677921961294958	0.827629727747594	0.275012663006084	0.832681871670345	45293	20
5991462	0.684365716800528	0.833759480343263	-0.217575531392447	-0.868014661429931	31100	43
5991560	0.691225940925821	0.837538475693399	0.216023795591328	0.865280231486919	52396	73
5991205	0.691891812044847	0.837538475693399	0.262297971672939	0.829684414844872	46838	24
1445146	0.692179630073788	0.837538475693399	0.238728383748997	0.843810928033812	49060	39
5991498	0.693760331736292	0.837538475693399	0.236331966705188	0.844582627916351	49521	41
5991202	0.694613821138211	0.837538475693399	0.268245929745455	0.821349864964735	46477	21
5991653	0.699100603392661	0.838495394696749	0.205241135011724	0.871282397681548	55265	103
5991755	0.699522767945914	0.838495394696749	-0.249759039428568	-0.831708544953811	35178	21
5991299	0.699717484071539	0.838495394696749	0.194158434924971	0.886513364151359	59193	169
6096039	0.706858162407656	0.838495394696749	0.25688884133664	0.819852505272168	47936	25
6096057	0.706858162407656	0.838495394696749	0.25688884133664	0.819852505272168	47936	25
6096937	0.706858162407656	0.838495394696749	0.25688884133664	0.819852505272168	47936	25
6096958	0.706858162407656	0.838495394696749	0.25688884133664	0.819852505272168	47936	25
5991112	0.707535045866139	0.838495394696749	0.25870120980965	0.818307364374959	47897	24
5991310	0.70828535900152	0.838495394696749	0.281698222184188	0.80454077373091	46136	16
5992174	0.714414287723246	0.839570052412949	0.233345757477905	0.829312631456555	50801	40
5991815	0.714469667375609	0.839570052412949	0.24537762263094	0.818800702176559	49381	30
5991816	0.714469667375609	0.839570052412949	0.24537762263094	0.818800702176559	49381	30
5992119	0.714923986611027	0.839570052412949	0.255009272934254	0.813853922945631	48483	25
5991846	0.718558267079643	0.842150289017341	-0.251580418274137	-0.814558993836641	36422	19
5991499	0.725889444281094	0.849044340017407	-0.191983032345746	-0.867413875209185	29624	77
5991734	0.731040705543347	0.853366241929086	0.245072315333688	0.804633833620559	50231	28
5991116	0.734597579672824	0.85581348248166	0.256133889476404	0.793349688586196	49350	22
5991182	0.739180306740559	0.859443769345174	0.203876403517889	0.843742512887961	57352	88
5991053	0.742770905759021	0.861908417375815	-0.18042903579371	-0.874918284282237	27561	114
5991451	0.754504786989423	0.872296125217041	0.222782494026042	0.8045563372433	54140	43
5991134	0.754699889906211	0.872296125217041	0.22273546347901	0.804386491202102	54154	43
5991887	0.760425827354779	0.877184123680906	0.271235163228941	0.761673846311115	49286	15
5991131	0.764205361681437	0.879812066690221	-0.203512064603307	-0.820802662946257	34577	45
5991190	0.768724426258673	0.882476731813755	-0.201384287165742	-0.820201748853159	34567	47
5991102	0.76953175760551	0.882476731813755	0.231656813214331	0.778874833108676	53296	31
5991113	0.773283989778835	0.885047691426557	0.239079087922662	0.770219896522733	52655	26
5991203	0.778688403112264	0.88888005311731	0.24265138416268	0.759818638565137	52541	23
5991194	0.779666121676276	0.88888005311731	-0.205934927646724	-0.798713039404592	36241	38
5992157	0.783724036291623	0.889958651393716	0.26021877542238	0.743194661628869	51050	16
5991100	0.785060266441108	0.889958651393716	0.17649055169733	0.875213868884624	74250	357
5992129	0.785168298243261	0.889958651393716	-0.198091069667679	-0.810390287259288	35129	48
5991254	0.787984257056422	0.890060086674287	0.235697392805473	0.759325389245395	53656	26
5991847	0.788961876600052	0.890060086674287	-0.231917514245752	-0.761473430753277	39754	20
5991288	0.791819008180992	0.890060086674287	-0.221856250975535	-0.766670738651604	39198	24
5991497	0.793405014892583	0.890060086674287	-0.207662792357632	-0.784110215096957	37558	34
5991094	0.797437100318511	0.890060086674287	-0.182892033039386	-0.829567300567869	32296	79
5991461	0.798130919453524	0.890060086674287	0.214593751967488	0.770953125388775	57134	42
508751	0.798594099478113	0.890060086674287	0.25163243604723	0.731471593505963	52485	17
5991386	0.801954506455731	0.890060086674287	-0.20805066680243	-0.77419510680347	38322	32
5991387	0.801954506455731	0.890060086674287	-0.20805066680243	-0.77419510680347	38322	32
5991091	0.803484276195731	0.890060086674287	-0.204836424879068	-0.778685700691624	37864	35
5991092	0.803484276195731	0.890060086674287	-0.204836424879068	-0.778685700691624	37864	35
5991093	0.803484276195731	0.890060086674287	-0.204836424879068	-0.778685700691624	37864	35
5991667	0.806618838231891	0.89184648906394	0.256889533094995	0.721388909978373	52280	15
5991264	0.809183841467978	0.892997610358258	0.240230685060269	0.727369184684447	54063	20
5991995	0.814720565667554	0.89741776594208	-0.232453626630051	-0.73043386608154	41940	17
5991796	0.816289578990612	0.897459086845213	0.246215609576441	0.715725393403249	53648	17
5992379	0.819810229113631	0.89964193681758	0.25287094393506	0.71010403737648	53135	15
5991817	0.824478683738089	0.901654263176183	-0.224728233372387	-0.727617852447605	41791	19
5992233	0.82763408384982	0.901654263176183	0.214608379129881	0.737001135610777	57820	34
5991263	0.828493175153689	0.901654263176183	0.230798943865133	0.714877170747429	55658	22
5991818	0.828805897206158	0.901654263176183	-0.209445875178131	-0.738975208485573	40700	26
5991095	0.830413969428276	0.901654263176183	-0.171048088449812	-0.832995438857805	30530	117
5991187	0.831414629524351	0.901654263176183	-0.181597767512238	-0.795737439266749	35098	66
5991211	0.832414601328183	0.901654263176183	0.217920319929631	0.727178416123524	57533	30
5991488	0.838531896300612	0.905427157738615	0.17705684582844	0.819496786990793	71966	188
5991274	0.842120994739359	0.905427157738615	0.228340725844003	0.69916298269983	56347	21
5991275	0.842120994739359	0.905427157738615	0.228340725844003	0.69916298269983	56347	21
5991115	0.84404594294183	0.905427157738615	0.22425238950954	0.702205536061901	56951	23
5992332	0.844438194346787	0.905427157738615	0.206378781680632	0.733471790369144	60047	40
5991382	0.845168353725294	0.905427157738615	-0.226199289253467	-0.699206998515799	44001	16
5991082	0.8605326563979	0.920204628921842	-0.189968347177211	-0.736787089487149	40000	38
5992232	0.872294954567193	0.931083503417805	0.218124806846816	0.667882568876617	58366	21
5991568	0.881889606365327	0.937908002413941	-0.201411621295005	-0.679252815699829	44112	22
5991569	0.881889606365327	0.937908002413941	-0.201411621295005	-0.679252815699829	44112	22
5991935	0.889747743577875	0.944551046624339	0.226115868948312	0.634971297834528	57668	15
5992368	0.894067731235054	0.947420778487778	0.224166255375397	0.629496455814695	57948	15
5991114	0.896976206212822	0.948787106210675	0.187198671439696	0.694102050921458	65141	49
5991965	0.90530657882808	0.950852653917881	0.211103076982745	0.622340968417558	59914	18
5991105	0.906477197620621	0.950852653917881	0.184550962240386	0.684284778334259	65831	49
5992089	0.907940348509876	0.950852653917881	-0.169238156294519	-0.727346252104043	39025	60
5992090	0.907940348509876	0.950852653917881	-0.169238156294519	-0.727346252104043	39025	60
5992084	0.908144789495306	0.950852653917881	0.211911297122439	0.61600601505512	59685	17
5991955	0.908664652208214	0.950852653917881	0.202924808920945	0.628539762125762	61044	22
5991626	0.912759541324933	0.953435100207506	-0.201014620568574	-0.621358404659048	47520	16
5991388	0.923558989633868	0.959885809502111	0.193051209120663	0.616116747694724	62632	25
5991097	0.925183951877115	0.959885809502111	0.175305960332395	0.681121207418802	68903	62
5991098	0.925183951877115	0.959885809502111	0.175305960332395	0.681121207418802	68903	62
5992175	0.925487171277633	0.959885809502111	0.189350508069737	0.621685174837901	63592	28
5991188	0.935107999815779	0.967848030717613	0.201346456835424	0.575053093748072	60911	16
5991345	0.938118910320143	0.967848030717613	-0.180418221812525	-0.600800583995542	47177	21
5991347	0.938118910320143	0.967848030717613	-0.180418221812525	-0.600800583995542	47177	21
5991424	0.942028088844893	0.968552306480954	-0.170682462772198	-0.613930124441202	45677	28
5991570	0.942107192310825	0.968552306480954	-0.17283972281528	-0.609819936025869	46264	26
5991103	0.949496438945987	0.974439427709892	0.180125260960334	0.574863998345535	64391	25
5991811	0.963219176704808	0.986719769688441	-0.163927574603884	-0.559691390233942	47897	23
5991099	0.966179313207841	0.986719769688441	0.157028862366538	0.643416155179296	74475	83
5992228	0.966513904097552	0.986719769688441	0.158758934996663	0.609061770003774	71493	58
5991096	0.979268226627668	0.993187205398029	0.149880094403836	0.572917543105149	72316	57
5991459	0.979769255768606	0.993187205398029	0.149261209833791	0.570551853193182	72353	57
5991460	0.979769255768606	0.993187205398029	0.149261209833791	0.570551853193182	72353	57
5992116	0.980712800625212	0.993187205398029	0.155262099906748	0.49551401656857	66508	25
5991495	0.985314400046621	0.993187205398029	-0.151699275131198	-0.476681261644482	50722	17
5991215	0.988102629261179	0.993187205398029	0.142905103904916	0.480474489007751	68434	31
5991235	0.988102629261179	0.993187205398029	0.142905103904916	0.480474489007751	68434	31
5991236	0.988102629261179	0.993187205398029	0.142905103904916	0.480474489007751	68434	31
5991238	0.988102629261179	0.993187205398029	0.142905103904916	0.480474489007751	68434	31
5992088	0.994707347447073	0.99787875636893	-0.122398919288646	-0.498508642710839	44729	47
5991101	0.99787875636893	0.99787875636893	-0.109774436090226	-0.40186322930262	47982	30
5991458	0.99787875636893	0.99787875636893	-0.109774436090226	-0.40186322930262	47982	30
